ID,Target Pressure (bar)
0,0.3869808993884464
1,0.4028227067667341
2,0.49557009964902904
3,0.2626258431092718
4,0.2617681186710694
5,0.2596777003526616
6,0.18022139669039292
7,0.18497405761785912
8,0.2751623439821281
9,2.1313600332245706
10,1.905033178977605
11,1.6231329848822738
12,2.011487814598216
13,1.8198530052389632
14,1.5492720571072855
15,1.3221511450032923
16,1.2141308667901949
17,1.0353009323460831
18,1.2132163088349637
19,1.1711252581567677
20,1.0135053327628425
21,0.7399473056767207
22,0.5469012891247875
23,0.4568729348355638
24,0.4508810376334844
25,0.4434371512152108
26,0.45148229672885287
27,0.052272946579740465
28,0.04368301430659219
29,0.04314345827687359
30,0.03342059170605963
31,0.026742661692628324
32,0.021297750674189878
33,0.021605894410963222
34,0.017802784104876235
35,0.02126068757570412
36,0.2961993676670542
37,0.21254018622990273
38,0.14537971722106047
39,0.26335037339809414
40,0.19127757013723426
41,0.13072740111682576
42,0.16307480244122666
43,0.12022158777219033
44,0.08229903970480577
45,0.16622472394582027
46,0.1288166295637868
47,0.08949645350876764
48,0.06534021825115598
49,0.045496496830976
50,0.03580582338438611
51,0.054827418478866456
52,0.04328915474776463
53,0.03538335091718357
54,0.1375915863233338
55,0.11498137424987591
56,0.11356116791186013
57,0.10732435498676293
58,0.0858793567161814
59,0.06839398218559616
60,0.08464974571505879
61,0.06974953773416495
62,0.08329725966343045
63,0.8021191419888293
64,0.5755668999553982
65,0.39369379806041427
66,0.8700775202832903
67,0.6319577669982612
68,0.4319073921526854
69,0.6573249649457212
70,0.48459142543836625
71,0.33173250912583524
72,0.44379299740946815
73,0.3439194651268095
74,0.2389409855366573
75,0.17444776336955056
76,0.14819448398631363
77,0.14229085937127225
78,0.2178818905716958
79,0.17202930831640834
80,0.14061197128165598
81,0.0721625036283858
82,0.0681304073243675
83,0.07602161939408322
84,0.04706365709337231
85,0.04254709789576586
86,0.03828184201397616
87,0.03103706968698594
88,0.028892835369572045
89,0.03898282598462349
90,0.4118164610309888
91,0.33385232702685674
92,0.25799479637017503
93,0.3734998564081527
94,0.30648859813474605
95,0.2366522728160908
96,0.23592843528291352
97,0.19650321558837275
98,0.15197625756124977
99,0.23028874515155873
100,0.2016242665620227
101,0.15825974819582161
102,0.11554342191308087
103,0.08206907302490737
104,0.06588585118047269
105,0.0790403294892829
106,0.07050563461291617
107,0.06510846483738719
108,0.14784491631819804
109,0.14656602150737777
110,0.1717223965039243
111,0.10650379980430155
112,0.10109900571269788
113,0.09551405403937684
114,0.07757910606276168
115,0.07583186427367453
116,0.10743168799883641
117,0.8142798423746864
118,0.6931414967229893
119,0.5624396754484423
120,0.8157273974961566
121,0.7028561396512736
122,0.5698496820607917
123,0.5691405448678337
124,0.4977444312278717
125,0.4042127463339712
126,0.4635057284197667
127,0.4261109587206941
128,0.3511946437745167
129,0.2564027262892135
130,0.20115997335438662
131,0.17837698967106821
132,0.19408876239233333
133,0.18179125385423847
134,0.17627232177642188
135,0.13942982584589517
136,0.11651753872150165
137,0.11507835826238959
138,0.09846399809170886
139,0.07878943057111515
140,0.06274759286685203
141,0.07031050364035027
142,0.05793431610862281
143,0.06918712193786246
144,0.8013694074242566
145,0.5750289220210347
146,0.39332581550917894
147,0.7869863478710699
148,0.5716066941906369
149,0.39066084716002053
150,0.5382756688144416
151,0.39682620855746636
152,0.2716518430605274
153,0.4465388895591117
154,0.34604740712885496
155,0.24041939141562135
156,0.17552712862938002
157,0.13499766402525903
158,0.11735094439207613
159,0.17969281890275562
160,0.1418770108160719
161,0.11596632205079828
162,0.14237150567681214
163,0.1311757983178857
164,0.14284041126828292
165,0.09856164281262533
166,0.08695477785112529
167,0.07635150091600681
168,0.06899438546311423
169,0.06267934467768876
170,0.08252943051271473
171,0.8478616147240863
172,0.6707750870102331
173,0.5058650881061127
174,0.8162486721136438
175,0.6536535378671835
176,0.49254420985213104
177,0.5472970570305757
178,0.4448501402713992
179,0.33575389601755623
180,0.46412941346617154
181,0.3965613863202762
182,0.3037661233446335
183,0.22177576896610138
184,0.167208816626554
185,0.14248940830367274
186,0.17948851911628597
187,0.1562474733643782
188,0.14080817753765915
189,0.08412942109881837
190,0.0703045637547691
191,0.0694361884401815
192,0.06562273243672329
193,0.05251033699032219
194,0.04181902601511982
195,0.05175849987247624
196,0.042647871052928985
197,0.05093153165728081
198,0.48010918030112365
199,0.3445061189549488
200,0.23564579970970695
201,0.5207857326854094
202,0.3782589264060838
203,0.25851858303527386
204,0.3934424870213982
205,0.29005266159251825
206,0.19855881090275468
207,0.26847819630738234
208,0.20805843763021842
209,0.14455037640353152
210,0.1055343845727719
211,0.0896521306005175
212,0.0860806580951508
213,0.13181041010153477
214,0.10407130954836137
215,0.08506499347508419
216,0.06352053358613506
217,0.06942822491050087
218,0.08968601424281986
219,0.0414274513877862
220,0.04335757847347867
221,0.045162755745953805
222,0.027320161141026412
223,0.029443215608418394
224,0.04598973705569891
225,0.3498496354433489
226,0.3283406565474826
227,0.2937471976280228
228,0.31729860500331647
229,0.30142868384974497
230,0.2694470699799946
231,0.20042782376354787
232,0.19325908372292855
233,0.17303682241930887
234,0.19914199231637558
235,0.20184847193522482
236,0.18341956823811006
237,0.13391228535147262
238,0.09511625104637858
239,0.07636025277614925
240,0.06835005626297332
241,0.07058403659493345
242,0.07545927909820234
243,0.28629470399756873
244,0.239248339129871
245,0.2362932343591316
246,0.23237723234728488
247,0.18594481403529337
248,0.14808571914043703
249,0.1907193671072997
250,0.15714858420797587
251,0.18767216027154277
252,1.6809131761500191
253,1.2061524719283192
254,0.8250209450025959
255,1.8973095832032094
256,1.378060574551002
257,0.9418264638313912
258,1.491537683768504
259,1.0995875872934517
260,0.7527350468624296
261,0.9267110978992976
262,0.7181591124173181
263,0.498947176571858
264,0.36427496436838575
265,0.32201033362243536
266,0.3217278254022258
267,0.4926434990827664
268,0.3889681706515948
269,0.31793176277000423
270,0.08566369510563428
271,0.08287526918028827
272,0.09475886241608097
273,0.059303682143935416
274,0.054936967896017756
275,0.050650801872674706
276,0.0415133208869015
277,0.039600045349975625
278,0.05474917694365627
279,0.5137876536843721
280,0.4268085636528217
281,0.3379779898997352
282,0.4946308251078554
283,0.415914265491231
284,0.3290780603299063
285,0.3316513755509603
286,0.2830544143436496
287,0.2243234995754735
288,0.2802562457050566
289,0.2514340798165805
290,0.202232321515087
291,0.14764723636718402
292,0.11131928337451301
293,0.09486233525741164
294,0.10838093224694315
295,0.09906647758516125
296,0.0937430557371348
297,0.12187558688567003
298,0.13321055695987635
299,0.17207877522719833
300,0.09697505955118728
301,0.10149317936802853
302,0.1057188115909738
303,0.07802330655302704
304,0.08408651125679968
305,0.13134151493716606
306,0.6857075024002756
307,0.6435497674660257
308,0.5757463687716444
309,0.75874334410906
310,0.7207942423577864
311,0.6443179002784212
312,0.5847281453845199
313,0.5638140627487663
314,0.5048176363768643
315,0.3861827551894653
316,0.3914312502151195
317,0.35569330905017177
318,0.2596871443798298
319,0.2250370414676425
320,0.22041233664139379
321,0.19729106521761303
322,0.20373940459676237
323,0.2178116942078122
324,0.12192188604411897
325,0.11233428106439125
326,0.12232344008976159
327,0.09896051182886721
328,0.08730667505686633
329,0.07666048773065283
330,0.08122003173017187
331,0.0737859802558849
332,0.09715345560254733
333,0.7312544676730997
334,0.5785228045023214
335,0.4362930215183997
336,0.8253942731617372
337,0.6609773531274614
338,0.4980628869363967
339,0.6488696801441232
340,0.5274096845981127
341,0.39806631575562035
342,0.3988780779286874
343,0.340809349648547
344,0.2610600489951221
345,0.19059660924248406
346,0.16848283229096842
347,0.16833501782628663
348,0.21204525602816326
349,0.18458860575833336
350,0.16634883503321987
351,0.2021941662922029
352,0.1956125747025843
353,0.22366171762017392
354,0.13186899608778715
355,0.12215907246656008
356,0.11262825768187251
357,0.08696364613165376
358,0.08295564549015191
359,0.11469060889391991
360,1.1457128040478464
361,0.9517551321984637
362,0.7536687729603544
363,1.0391123432160516
364,0.8737458828962753
365,0.6913218040865923
366,0.656375484520196
367,0.5601966162562944
368,0.44396151072345846
369,0.6429648924440564
370,0.5768409752272692
371,0.4639621233936827
372,0.33873282364024704
373,0.2405977629793329
374,0.19315422755171138
375,0.22068015922955123
376,0.20171450452181147
377,0.19087520321010237
378,0.15719784411040383
379,0.12819864877017573
380,0.12356260276954233
381,0.12508058983318068
382,0.0976746044105904
383,0.075912276250435
384,0.10063619707535626
385,0.08092284402179037
386,0.09431087254022864
387,0.9295302273149998
388,0.6509111210583174
389,0.43449591682119054
390,1.0285360312592002
391,0.7290391700285339
392,0.48624448540258824
393,0.7926447997056835
394,0.5702633459060618
395,0.38096845007122976
396,0.510646215287622
397,0.3861870208422261
398,0.26183808288696564
399,0.19116464185502638
400,0.16565750891909747
401,0.16225310457745645
402,0.26087631933230804
403,0.2010097907260892
404,0.1603386822035808
405,0.10229197210108262
406,0.09424801007815573
407,0.1026288743305895
408,0.07667858846695594
409,0.06764872658177656
410,0.05939963205263209
411,0.05812027079870409
412,0.05280053531457531
413,0.06952207513792823
414,0.5674058432790404
415,0.44889601945179414
416,0.33853497070471983
417,0.5914785782823849
418,0.47365720579463844
419,0.3569124936279201
420,0.42942502324013737
421,0.34904222372559157
422,0.26344217047790713
423,0.32183460823600113
424,0.27498187941758995
425,0.21063618996238087
426,0.1537827934420394
427,0.12554531986783427
428,0.11584349180594097
429,0.1459236657730722
430,0.12702876035396368
431,0.1144766558790802
432,0.08686707040905911
433,0.09265702333186357
434,0.11680683356627725
435,0.0638338160327437
436,0.0651971865291917
437,0.06627435577543449
438,0.04743155923079744
439,0.0498850749497662
440,0.07604095475894268
441,0.49222347332195354
442,0.4508237654170033
443,0.39360183702416524
444,0.5030030418222753
445,0.4663245402579128
446,0.4067976202629669
447,0.3579991646685454
448,0.3368721926450224
449,0.2943506663467023
450,0.2762318894095847
451,0.27323584785728944
452,0.24230318493903177
453,0.17690246223349526
454,0.1415760313677691
455,0.12806307351932497
456,0.12036298509968217
457,0.12130028182012162
458,0.12655205889898136
459,0.0444525796945874
460,0.04515674482902211
461,0.05421444603456505
462,0.03266574757319371
463,0.03177409126477336
464,0.030760421928774723
465,0.02427220299725545
466,0.02431167675455186
467,0.03529346796184099
468,0.25731138813442955
469,0.22444295542728254
470,0.1866202569767621
471,0.26294644189484573
472,0.2321600280032782
473,0.19287683463314045
474,0.1871452033568045
475,0.16771207801918164
476,0.13956184099702312
477,0.14287066116995803
478,0.13458895072698404
479,0.11366672381604363
480,0.08298662405998647
481,0.06641466004873577
482,0.06007560326711144
483,0.06225327314068152
484,0.0597493988474912
485,0.05936677196728425
486,0.1460238563102158
487,0.15200162370896064
488,0.18699904087552927
489,0.1094602338226935
490,0.1091027415193866
491,0.10823147281554854
492,0.08296786050262271
493,0.0851558255061549
494,0.12667547466799137
495,0.8573453182220351
496,0.7663047310608927
497,0.6529096181536357
498,0.8937190124593842
499,0.8085742398535402
500,0.6883531100015197
501,0.6488574933854936
502,0.5958455762374134
503,0.5080831873121975
504,0.47266654363916766
505,0.4562679580800033
506,0.3948595638785164
507,0.28828192705815936
508,0.23534783010866037
509,0.21716073890639487
510,0.21431267169855497
511,0.21077444530852077
512,0.21459846203426694
513,0.08556288469660331
514,0.08482274474480549
515,0.09938159510514809
516,0.061637373602976525
517,0.05850943532017846
518,0.05527723371351659
519,0.044897668937275356
520,0.043886480649847244
521,0.062174374080080856
522,0.5095505960581282
523,0.43374604703195346
524,0.3519569771440081
525,0.5104564303138569
526,0.4398251636169389
527,0.3565939251434895
528,0.35615016949517947
529,0.31147273752611404
530,0.25294356449756433
531,0.2789339854202019
532,0.25643011652176506
533,0.21134608622903148
534,0.15430107964423054
535,0.12105643929376687
536,0.10734582462624727
537,0.11680104192873958
538,0.10940050110055101
539,0.10607925256932549
540,0.04649160621384139
541,0.048394829529283576
542,0.05953743443319069
543,0.0377359085882498
544,0.03761266477259668
545,0.037312298922683645
546,0.030971057407268455
547,0.03178780246154581
548,0.047286664670729
549,0.26720933412745007
550,0.23883465923641536
551,0.2034927357789084
552,0.3016091714638995
553,0.27287481092986315
554,0.23230300383879554
555,0.2371049242523225
556,0.21773335695441912
557,0.1856633033749448
558,0.14889432792875734
559,0.14372862198093384
560,0.1243844104921795
561,0.09081147028696705
562,0.08027516218292152
563,0.08020473465054942
564,0.079152848035031
565,0.07784606251673078
566,0.07925839997852185
567,0.055395850463384674
568,0.0451766575875745
569,0.04354293473058611
570,0.04407786690385184
571,0.03442011441454123
572,0.02675116269756737
573,0.03546376705061432
574,0.0285168654307659
575,0.03323474963588303
576,0.3161326443316365
577,0.22137446193592472
578,0.14777178740356736
579,0.34980445583955094
580,0.2479457621385767
581,0.16537144295567283
582,0.2695779966946262
583,0.1939462044472031
584,0.12956712970575546
585,0.17678212712118468
586,0.133695229627088
587,0.09064650215417525
588,0.06617985408636826
589,0.05734946411738253
590,0.0561708832857261
591,0.09031354637796479
592,0.06958817536075766
593,0.055508123728658806
594,0.11821556092008385
595,0.12305494226467158
596,0.1513875682180011
597,0.08348268883094292
598,0.08321003804559221
599,0.08254554235112417
600,0.0596127519775017
601,0.06118481390968684
602,0.09101685408383597
603,0.6794409548180814
604,0.6072918427237344
605,0.5174269048184483
606,0.6672462795216626
607,0.6036776053075739
608,0.5139210929190716
609,0.4563769604708714
610,0.4190907799714484
611,0.35736269220232614
612,0.37859794331383284
613,0.36546295237888077
614,0.31627586253772566
615,0.2309089698594935
616,0.17759175904557523
617,0.1543771945294466
618,0.15235253469640395
619,0.14983724824796832
620,0.1525556999208043
621,0.21506750972088054
622,0.20806687988503478
623,0.2379018619110404
624,0.15187860085366947
625,0.1406953079058244
626,0.12971830150221023
627,0.10845244074151028
628,0.10345405956270876
629,0.1430307607600196
630,1.2537813610317496
631,1.0415287677686713
632,0.8247580515735429
633,1.2312783657647404
634,1.0353302121852577
635,0.8191699258607378
636,0.8421584283153876
637,0.7187567375994572
638,0.5696220180689714
639,0.6936867095937619
640,0.6223464496532797
641,0.5005628807036335
642,0.36545456932992954
643,0.2810705875048404
644,0.2443294046803446
645,0.2791481843952123
646,0.25515768114373955
647,0.24144656505681997
648,0.09160559821746399
649,0.07844339609601737
650,0.07938848205017911
651,0.0714543091229597
652,0.058589214464584156
653,0.047812949857082274
654,0.05635802887657469
655,0.04758501671848926
656,0.058231551552480276
657,0.5340341354223092
658,0.3926672698731188
659,0.2752239484261402
660,0.5792794012405508
661,0.43113864098430493
662,0.3019383551590972
663,0.43763320306246545
664,0.33060134633446026
665,0.23190797374184788
666,0.29546808855652656
667,0.23463113920906947
668,0.1670391603937345
669,0.12195315868630723
670,0.10359998358782557
671,0.09947287037298112
672,0.14506120221384053
673,0.11736303606062083
674,0.09829919120590695
675,0.30396665861682337
676,0.3087817385176788
677,0.37071828278833
678,0.2146583222951873
679,0.20879892946174433
680,0.20213774534097725
681,0.15328175824335263
682,0.15353103956831307
683,0.2228823162161314
684,1.6741456455151766
685,1.4602936901449355
686,1.2142077847691068
687,1.6440979093562087
688,1.4516028964898895
689,1.2059809529972776
690,1.124514934914883
691,1.0077454998331514
692,0.838596831392753
693,0.9529599733702252
694,0.8977202306647021
695,0.7581671227234057
696,0.5535281380143751
697,0.42571770066364656
698,0.37006843472457823
699,0.38348297969178863
700,0.3680590007380005
701,0.36570200184092494
702,0.05729974548010621
703,0.051521034607382304
704,0.05474988313095001
705,0.0404645275526942
706,0.03483864338100096
707,0.029852905690360036
708,0.028894635267083767
709,0.025617052487880702
710,0.03291658742322154
711,0.3388204573836755
712,0.261591012979361
713,0.19252265761351334
714,0.3327392733863342
715,0.26003417990450706
716,0.19121822559098847
717,0.22758394145892175
718,0.18052338916877902
719,0.1329664433643087
720,0.18613422042741448
721,0.15520253182546023
722,0.11601895813113315
723,0.08470396030628533
724,0.06514569493802334
725,0.05662993414926586
726,0.07490273197905048
727,0.06363194993766633
728,0.05596175825673802
729,0.09253167038382006
730,0.07732608444070145
731,0.0763709819649042
732,0.05915991690003355
733,0.047338887872974036
734,0.03770050426169612
735,0.0382459691062779
736,0.03151384145130961
737,0.03763489651166704
738,0.5356146418597454
739,0.38433449951282656
740,0.26288882986596074
741,0.4762141021509669
742,0.3458855028347602
743,0.23639317896569578
744,0.2948866926822329
745,0.21739561156252224
746,0.1488206103344546
747,0.2973969343899897
748,0.23046914936196777
749,0.16012040977104594
750,0.11690186717711351
751,0.08139895414972274
752,0.06406112072291152
753,0.09809314636880744
754,0.07744974158305881
755,0.06330526435192328
756,0.1407583940305007
757,0.15384954891064737
758,0.19873981875006555
759,0.0918012050105675
760,0.0960782721811138
761,0.10007845668002711
762,0.06054014016822988
763,0.06524472497566301
764,0.10191100679384371
765,0.8264303735831385
766,0.7756209067052433
767,0.6939026989897701
768,0.7495368812889949
769,0.7120482474904759
770,0.6364998563518798
771,0.47345952228721516
772,0.4565252056274832
773,0.40875528029179575
774,0.45562269943929895
775,0.46181493210491614
776,0.4196509125904052
777,0.3063817742819002
778,0.21761921008326388
779,0.1747068214747163
780,0.1563800621814059
781,0.1614912501207377
782,0.1726454578492196
783,0.0718534880214981
784,0.05859825957479796
785,0.05647917150677283
786,0.04780340801322132
787,0.037329364799100304
788,0.029012219399122696
789,0.03215813287802673
790,0.025858763015179764
791,0.030136885724331503
792,0.4129761101530423
793,0.2891898885381004
794,0.19303991234852821
795,0.38207497376935734
796,0.2708195078246023
797,0.18062745821188445
798,0.24619281027037868
799,0.17712187826745635
800,0.1183275199461502
801,0.23011845964385763
802,0.17403196128773424
803,0.11799514909967806
804,0.0861467521056054
805,0.06241804136424325
806,0.051116333527540254
807,0.08218666128549468
808,0.06332626751157677
809,0.05051321254054617
810,0.0785305722581439
811,0.07414265867098355
812,0.08273024042724318
813,0.05770778361543158
814,0.05216973925256664
815,0.04693983408386208
816,0.042879625984279975
817,0.03991723402909104
818,0.05385717836409752
819,0.4610741023013691
820,0.37378462628658243
821,0.28885372584912716
822,0.47117150752249537
823,0.3866365470936025
824,0.2985377537054081
825,0.335343908652289
826,0.2793056983535239
827,0.21601598031972133
828,0.25419664359778976
829,0.22255630336689664
830,0.17468980857719926
831,0.12753879926167835
832,0.10207001540230755
833,0.09232777441422296
834,0.1107615304342496
835,0.09880161234681427
836,0.09123840014598301
837,0.347977502025014
838,0.36222263031886426
839,0.445622111134369
840,0.24573835538759162
841,0.24493578474060507
842,0.2429797854621034
843,0.17547517738372065
844,0.18010267464324142
845,0.2679158080354516
846,1.9578226444061904
847,1.7499235408410627
848,1.4909759323380802
849,1.9226834446461434
850,1.7395090437380543
851,1.4808738655213018
852,1.3150593017083785
853,1.2076184299335357
854,1.0297477155273977
855,1.1026236993798486
856,1.0643695235403032
857,0.9211176862807793
858,0.6724962643429184
859,0.5172159167697523
860,0.44960612263770205
861,0.4437095298153669
862,0.4363840424540285
863,0.4443012255582249
864,0.057487616574840396
865,0.059840982722509914
866,0.07361899235750595
867,0.03824593720505962
868,0.03812102765840438
869,0.03781660214265316
870,0.02572866625628043
871,0.02640716297796608
872,0.03928257268349866
873,0.330408626341758
874,0.295322885851985
875,0.2516220307901601
876,0.3056856417091869
877,0.27656291511464326
878,0.23544275014837723
879,0.1969707841611178
880,0.1808781921867842
881,0.1542365540109535
882,0.18411022399971655
883,0.17772274576330235
884,0.1538033180736423
885,0.11228983916886973
886,0.08136014016447957
887,0.06662868570684416
888,0.06575484923060651
889,0.0646692599326125
890,0.0658425346683707
891,0.14285164035467177
892,0.11937705175686074
893,0.11790255167695839
894,0.11366547381941598
895,0.09095342593631577
896,0.07243495097157868
897,0.09145192742703274
898,0.07535438658499354
899,0.089990759939821
900,0.7812095711065402
901,0.560563072890161
902,0.3834310229369446
903,0.8644174963180962
904,0.6278467584699223
905,0.4290977503295835
906,0.6661662911238111
907,0.4911094052564
908,0.33619446549972704
909,0.44626359496513507
910,0.34583406629187613
911,0.24027117104715753
912,0.17541891483045272
913,0.15201273711559046
914,0.14888874457460763
915,0.2279848564841215
916,0.18000613573101598
917,0.14713200811909158
918,0.159611411465229
919,0.17024999469330654
920,0.21462337208454207
921,0.1149800901952442
922,0.1174358491078982
923,0.11937609057842237
924,0.08375337432798793
925,0.08808572653742089
926,0.13427107713650954
927,0.9505300123783156
928,0.8705832666415233
929,0.7600823188982627
930,0.9522197810744392
931,0.882784823776317
932,0.7700962195080927
933,0.6643725424671533
934,0.6251652439504213
935,0.5462540694996251
936,0.5203313010823192
937,0.514687730376799
938,0.45642062451657545
939,0.33322687158011577
940,0.2614321211718006
941,0.2318228323474314
942,0.2178839485012782
943,0.21958066539640592
944,0.22908755761615957
945,0.04857296685066587
946,0.04815279876644328
947,0.056417673874900216
948,0.03499075697828055
949,0.03321506599894976
950,0.031380186050105646
951,0.025487838479211773
952,0.02491379968494731
953,0.035295605353433755
954,0.2892654250593664
955,0.24623214187783007
956,0.19980152193670875
957,0.28977965570308206
958,0.2496831794323827
959,0.20243385863580118
960,0.20218194416994845
961,0.1768191314305079
962,0.1435928605842949
963,0.1583472936353377
964,0.1455721320463912
965,0.1199784985840741
966,0.08759477024596739
967,0.06872220862732571
968,0.060938866187328175
969,0.06630647339491962
970,0.06210528002002079
971,0.06021984925898371
972,0.27639159001462343
973,0.28076985832832885
974,0.33708767959489094
975,0.17671034608267952
976,0.1718867952211936
977,0.1664031962686102
978,0.11424049916192497
979,0.11442628789061389
980,0.16611361554499318
981,1.6577219364235236
982,1.4459679122058628
983,1.2022961595844703
984,1.4738778626903346
985,1.301312630092324
986,1.0811209109467799
987,0.912671351778927
988,0.8178997174914984
989,0.6806163972937194
990,0.9042391793446559
991,0.8518236099534252
992,0.7194052594181403
993,0.5252285964248375
994,0.36571749853862534
995,0.2878203174609694
996,0.29825346503252725
997,0.28625748239138527
998,0.284424329095519
999,0.06573869534226602
1000,0.057683845949202034
1001,0.05982105583740274
1002,0.04642403254441755
1003,0.03900595073804851
1004,0.03261801187667225
1005,0.033150158153986864
1006,0.028681297272935585
1007,0.035965465159288224
1008,0.36986502174947045
1009,0.2786748024658169
1010,0.20015109724599336
1011,0.3632266467563921
1012,0.27701629690530155
1013,0.19879497893853007
1014,0.24843641410416772
1015,0.19231287514085377
1016,0.13823505173967426
1017,0.20830382145074322
1018,0.16950052948065883
1019,0.1236523753355826
1020,0.0902770207638373
1021,0.06943192777915655
1022,0.060355876189990366
1023,0.08382405595547875
1024,0.06949402873434239
1025,0.059643737953413066
1026,0.06363659279519271
1027,0.06624167911047374
1028,0.08149340880305962
1029,0.04676302007550289
1030,0.046610294111264064
1031,0.04623807532033099
1032,0.03474714648712893
1033,0.035663471676495986
1034,0.05305200408869345
1035,0.3762910165925914
1036,0.336333073899096
1037,0.28656367362874563
1038,0.38453169386472635
1039,0.34789728956381055
1040,0.29617092584562876
1041,0.2736803035890837
1042,0.25132051314692194
1043,0.21430339075933108
1044,0.20671902625994115
1045,0.19954716338017991
1046,0.17269042129773474
1047,0.1260790721318653
1048,0.10090178760429067
1049,0.09127105004541985
1050,0.0900740284936949
1051,0.08858693814972604
1052,0.09019414405493598
1053,0.0473693625274599
1054,0.0493085184857467
1055,0.06066149452115605
1056,0.033451786898624984
1057,0.03334253483574803
1058,0.03307626923412837
1059,0.023887025005031183
1060,0.02451695537123431
1061,0.03647075159691326
1062,0.28209762908705405
1063,0.2521419819948047
1064,0.21483088712869655
1065,0.2770345121756998
1066,0.2506413838945187
1067,0.2133753063047467
1068,0.18948351229910704
1069,0.1740026334353721
1070,0.14837369970056452
1071,0.1544235578715042
1072,0.14906602207764522
1073,0.12900345821865403
1074,0.09418377806819975
1075,0.07243660924418606
1076,0.06296778958911856
1077,0.06214196583487063
1078,0.06111602396357146
1079,0.06222483341865369
1080,0.07673779010551099
1081,0.06733524052891421
1082,0.06983003850076755
1083,0.05867846872152771
1084,0.04930225434738238
1085,0.04122810718419345
1086,0.04537004573799201
1087,0.03925386307520626
1088,0.049223137690183806
1089,0.450548196302239
1090,0.33946554073151225
1091,0.24381250064024315
1092,0.47909694038640216
1093,0.3653852531736521
1094,0.26221112086389886
1095,0.3548204566683757
1096,0.27466401182265865
1097,0.19742928733982615
1098,0.24839356343681399
1099,0.20212226654748852
1100,0.14745026722562884
1101,0.10765155784379768
1102,0.08964994481617429
1103,0.08438360290425287
1104,0.11719448541025518
1105,0.0971596619105667
1106,0.08338796181739143
1107,0.23170529897620237
1108,0.24714915781383873
1109,0.31156527055061467
1110,0.16691473329150766
1111,0.1704797187010498
1112,0.1732963357955723
1113,0.12158341600255698
1114,0.12787262148443174
1115,0.19491914635783553
1116,1.2852517930527114
1117,1.1771524201040897
1118,1.0277394195974578
1119,1.2875366007055538
1120,1.1936506610657733
1121,1.0412796377353721
1122,0.8983261868022391
1123,0.8453123418282136
1124,0.7386132085720032
1125,0.7289993788419915
1126,0.7210925711404034
1127,0.6394586508079739
1128,0.4668605980268195
1129,0.36627405183420947
1130,0.3247905717590729
1131,0.3052617876085519
1132,0.30763893762825273
1133,0.32095837182047277
1134,0.18625225842709722
1135,0.16746861564083512
1136,0.17796395597078957
1137,0.14242001633616824
1138,0.1226190063133885
1139,0.10507107269611708
1140,0.11011880159726987
1141,0.0976277808785261
1142,0.12544664870181463
1143,1.0258145048933154
1144,0.7919942542315125
1145,0.5828825574038871
1146,1.0908146891541268
1147,0.8524665580808855
1148,0.6268681396874278
1149,0.8078602335345342
1150,0.6408082503424725
1151,0.47199420706023554
1152,0.5839158414231664
1153,0.486881008520461
1154,0.36395944497802807
1155,0.2657221447004511
1156,0.22128779263368006
1157,0.20828859693609295
1158,0.27549714095507044
1159,0.23404246838588372
1160,0.2058310023573263
1161,0.054642884097022226
1162,0.05687979564957461
1163,0.06997601059862575
1164,0.04347873987534746
1165,0.04333674022561074
1166,0.04299066326219895
1167,0.034981726905183655
1168,0.035904238270042146
1169,0.05341016188166142
1170,0.3208230630151753
1171,0.28675520329639925
1172,0.2443221641456143
1173,0.354994458785067
1174,0.32117407223380406
1175,0.2734209928751096
1176,0.2735776901620334
1177,0.2512262832779697
1178,0.21422304005427145
1179,0.17687427118583926
1180,0.17073783545056528
1181,0.1477584959664228
1182,0.10787659171279652
1183,0.09348259845760042
1184,0.09156145062594756
1185,0.09036062046510338
1186,0.0888687985890773
1187,0.09048111820260618
1188,0.11205713220949408
1189,0.11108781051438964
1190,0.1301547578880319
1191,0.08234460226336485
1192,0.07816582535018175
1193,0.07384775759067667
1194,0.06118595318800602
1195,0.05980791907881269
1196,0.08473041990826047
1197,0.6260034410827511
1198,0.5328744978390105
1199,0.4323933295528869
1200,0.6397127567499761
1201,0.5511964414522205
1202,0.4468896253370281
1203,0.45529870299516345
1204,0.3981835348134298
1205,0.3233604437419011
1206,0.35381250483931753
1207,0.32526757794008393
1208,0.2680809512832647
1209,0.1957224803786218
1210,0.15663779730147082
1211,0.14168724435858204
1212,0.15416731695633962
1213,0.14439924036500446
1214,0.14001547831503391
1215,0.12052454519809133
1216,0.10320717098339763
1217,0.10445061087151494
1218,0.09401170099936887
1219,0.07708522802388323
1220,0.06290700730346173
1221,0.07414968004995919
1222,0.06260711801286092
1223,0.07661465460201423
1224,0.7076320073132774
1225,0.5203111748031001
1226,0.3646906857956996
1227,0.7675851004747594
1228,0.571288390972951
1229,0.400089114485425
1230,0.5798941329942082
1231,0.43806955175650947
1232,0.30729403625317975
1233,0.39012748767188254
1234,0.30980014564826386
1235,0.22055365879134908
1236,0.1610234108338822
1237,0.1367904111656186
1238,0.1313410906731395
1239,0.19153460075781337
1240,0.1549627461549543
1241,0.1297913987689464
1242,0.20149578891648717
1243,0.2202357908792224
1244,0.28449625931002587
1245,0.13949249100811809
1246,0.14599152066420878
1247,0.15206982541174713
1248,0.09764649227814291
1249,0.10523461815288215
1250,0.16437445156717725
1251,1.1498947310857173
1252,1.0791984690414609
1253,0.9654958033487929
1254,1.1070203332941724
1255,1.0516519039101373
1256,0.9400715304477122
1257,0.7422602831512524
1258,0.715711718623279
1259,0.6408210117377349
1260,0.6430238704280269
1261,0.6517630167000104
1262,0.5922566070009567
1263,0.43239898839500335
1264,0.326009119468317
1265,0.27781338013048773
1266,0.2486707347367058
1267,0.25679838760064083
1268,0.2745354634948161
1269,0.06956588432345964
1270,0.0656788747137203
1271,0.07328613774384882
1272,0.046281488118154177
1273,0.041839991350823724
1274,0.03764562139308118
1275,0.031134312521918502
1276,0.02898336006307285
1277,0.03910496382014272
1278,0.3886274983999696
1279,0.3150534448347191
1280,0.24346737394260184
1281,0.35954825862007683
1282,0.29504011810337877
1283,0.22781243721959174
1284,0.23167755622469088
1285,0.192962686855512
1286,0.14923800055615638
1287,0.21964938151219346
1288,0.19230920477269434
1289,0.15094813160152573
1290,0.1102053039730972
1291,0.07984978021596464
1292,0.06539179872372976
1293,0.07844763669915737
1294,0.06997694019111514
1295,0.06462024169947005
1296,0.056982555151768095
1297,0.05000058057211208
1298,0.05185312236186369
1299,0.042714416454502996
1300,0.03588909305616068
1301,0.030011596728161467
1302,0.03237635826348294
1303,0.028011810732744252
1304,0.03512594961692172
1305,0.3298404831909773
1306,0.24851831369103175
1307,0.17849196529738426
1308,0.343834280821515
1309,0.26222662922126994
1310,0.18818148179558047
1311,0.249630416812903
1312,0.19323714421256308
1313,0.13889941902582473
1314,0.1831420220293309
1315,0.1490259251507328
1316,0.1087159414069768
1317,0.07937212102170994
1318,0.06479787562198727
1319,0.05979045799206466
1320,0.08303878615818552
1321,0.06884300366480518
1322,0.05908499111781056
1323,0.05404849056479563
1324,0.05102851886084334
1325,0.056938902781157624
1326,0.03893518804832339
1327,0.03519869384981037
1328,0.03167009981169247
1329,0.028361026449053077
1330,0.026401669885999655
1331,0.03562169270355841
1332,0.312856806721873
1333,0.25362748416807274
1334,0.19599854736539793
1335,0.3134129760500199
1336,0.25718217027060836
1337,0.19858078079484176
1338,0.21867113021491724
1339,0.18212972163379984
1340,0.14085974828299408
1341,0.1737119338244127
1342,0.15208967866565656
1343,0.11937885582540249
1344,0.08715697872252462
1345,0.06837874062889579
1346,0.060634298700135605
1347,0.0727402752145174
1348,0.0648858538300136
1349,0.05991887535980512
1350,0.23951259024103697
1351,0.2374407475533511
1352,0.2781947260231274
1353,0.16581094830907991
1354,0.15739646886899603
1355,0.14870151023920677
1356,0.11606974229710947
1357,0.1134556118374723
1358,0.1607335914708852
1359,1.3475675009603798
1360,1.1470933037307534
1361,0.9307923252461762
1362,1.2973227754866112
1363,1.1178137214209374
1364,0.9062818944299981
1365,0.869858612086914
1366,0.7607387736229735
1367,0.6177875424348105
1368,0.7589348643598175
1369,0.6977054280676513
1370,0.5750389757762064
1371,0.4177844638594502
1372,0.3149904344039303
1373,0.26842364849560907
1374,0.2929128294214436
1375,0.27435380531140047
1376,0.266024801661873
1377,0.08796056577708201
1378,0.08304574915714394
1379,0.0926645323675161
1380,0.06211690309642035
1381,0.05615572865027912
1382,0.05052623653994589
1383,0.04435601667545844
1384,0.041291626444727975
1385,0.05571153774724707
1386,0.4879106148303355
1387,0.39554051271873414
1388,0.3056662655127014
1389,0.4791535455377946
1390,0.3931864924271664
1391,0.3035952320567806
1392,0.32772702587138286
1393,0.2729616476357162
1394,0.21110946984362408
1395,0.27674463250263776
1396,0.24229770116033472
1397,0.19018530769095296
1398,0.1388518653588067
1399,0.106790771405869
1400,0.0928312202090565
1401,0.11136549199489851
1402,0.09934035874868913
1403,0.09173590579011082
1404,0.2118232045397162
1405,0.23152370195543354
1406,0.29907776063542735
1407,0.16522659129047948
1408,0.17292458642277028
1409,0.18012423973028807
1410,0.130318872541373
1411,0.14044597476109494
1412,0.21937391403496367
1413,1.1833432850586816
1414,1.110590584565976
1415,0.9935804945956956
1416,1.2836003247034822
1417,1.2194001182590506
1418,1.0900216422732394
1419,0.9697326028666015
1420,0.93504799267463
1421,0.8372063571093875
1422,0.6688168535419498
1423,0.6779065445799827
1424,0.6160132128845242
1425,0.44974338308866496
1426,0.38205986305420986
1427,0.36683974182382395
1428,0.3283582240967196
1429,0.33909041444996724
1430,0.3625114042477683
1431,0.13105849755063137
1432,0.13642362920639528
1433,0.16783431118605127
1434,0.0907298181735005
1435,0.09043349858286262
1436,0.08971131804004077
1437,0.06351201004189126
1438,0.0651869002274861
1439,0.09697024812301258
1440,0.7640331245154767
1441,0.6829012599236214
1442,0.5818479030347239
1443,0.7355457689160078
1444,0.6654701899449379
1445,0.5665261793955666
1446,0.4931855308218811
1447,0.4528920753789173
1448,0.38618537813104575
1449,0.42272093096809127
1450,0.40805514713503505
1451,0.35313564010530796
1452,0.2578198229327822
1453,0.19438438967625724
1454,0.16564746541027686
1455,0.1634749957609626
1456,0.1607760814152643
1457,0.1636929930149223
1458,0.13042143860127697
1459,0.11444112380965384
1460,0.11868121386256354
1461,0.08676808064297156
1462,0.07290343586496015
1463,0.06096416295203611
1464,0.058370304186602856
1465,0.0505016005809399
1466,0.06332745478343495
1467,0.7603192551466641
1468,0.5728625465494076
1469,0.41144397070869837
1470,0.7034280006144784
1471,0.5364722594276288
1472,0.384988149453456
1473,0.45325898889858435
1474,0.35086458502002954
1475,0.25220248009052687
1476,0.4206661374431722
1477,0.34230352825313887
1478,0.24971393590296181
1479,0.18231295691126162
1480,0.13209572511537757
1481,0.10817784401719474
1482,0.1502406430402254
1483,0.12455645870976362
1484,0.10690145497377107
1485,0.08456965956617646
1486,0.0724184049025752
1487,0.07329090176913677
1488,0.059722277838487436
1489,0.04896949375819098
1490,0.03996257623495528
1491,0.04264607891974849
1492,0.036007547084701774
1493,0.04406377214797669
1494,0.47581350393302446
1495,0.3498585149625216
1496,0.2452189150106772
1497,0.4672735548160799
1498,0.3477763665683184
1499,0.2435574409315541
1500,0.3196014593116337
1501,0.2414366003298952
1502,0.1693612968925472
1503,0.2679728153214021
1504,0.21279714923898965
1505,0.1514950541640939
1506,0.11060460515435779
1507,0.08506584391180648
1508,0.07394614707326805
1509,0.10783560334902458
1510,0.0872453392866122
1511,0.07307365739864749
1512,0.09901308133171322
1513,0.09815659387802275
1514,0.11500404636792315
1515,0.08036608950417587
1516,0.0762877170281178
1517,0.072073400479043
1518,0.06595899939206806
1519,0.0644734664186543
1520,0.09134014302345066
1521,0.5854765535638461
1522,0.49837669252621225
1523,0.4044005827392185
1524,0.6608492881004886
1525,0.5694083353719775
1526,0.4616551532657552
1527,0.5195154366054229
1528,0.4543445689101533
1529,0.3689681982539747
1530,0.3216370779900448
1531,0.29568800396430217
1532,0.24370188350097874
1533,0.17792363419866403
1534,0.1572802262350594
1535,0.1571422401142788
1536,0.17098361711104776
1537,0.1601500558817423
1538,0.15528812076698403
1539,0.1069368950236778
1540,0.09383410100726215
1541,0.0973106925074153
1542,0.08177057537357378
1543,0.06870448041737473
1544,0.05745286336652546
1545,0.06322480503585257
1546,0.0547016825631221
1547,0.06859422848473715
1548,0.6323310405574502
1549,0.47642982563436787
1550,0.34218361874727754
1551,0.6723983567769057
1552,0.5128073738611807
1553,0.3680055369489899
1554,0.4979799950762087
1555,0.3854828003417366
1556,0.2770861535451844
1557,0.34737703323780333
1558,0.28266687885585107
1559,0.2062083882942069
1560,0.15055011196664478
1561,0.12537495508854993
1562,0.11801000486976318
1563,0.16389584371819438
1564,0.13587725316991242
1565,0.11661760628206164
1566,0.11230459112812312
1567,0.10602954655450506
1568,0.11831043067624349
1569,0.08252644616592819
1570,0.07460662857213167
1571,0.06712747306974307
1572,0.061321071850358407
1573,0.05708462981610042
1574,0.07701979269439396
1575,0.6141576061056916
1576,0.49788671741365853
1577,0.3847574866962613
1578,0.6276075010087728
1579,0.5150056683096259
1580,0.397656756761503
1581,0.4466831061038407
1582,0.37203937114723806
1583,0.28773651933939964
1584,0.3508356672943642
1585,0.3071664837787458
1586,0.24110237922212815
1587,0.17602576930831657
1588,0.14087440910933396
1589,0.1274284187546963
1590,0.15287021453332394
1591,0.13636344330454825
1592,0.12592489241807
1593,0.08766426958895786
1594,0.07149233483657562
1595,0.06890695849934737
1596,0.060688649639418654
1597,0.04739136466856233
1598,0.03683236178241373
1599,0.04248281549464574
1600,0.0341609714177243
1601,0.03981262720276936
1602,0.4897335255742342
1603,0.34293989456605484
1604,0.22891909368789287
1605,0.4714735671452563
1606,0.33418634606428177
1607,0.22289099756359873
1608,0.3161243682003573
1609,0.227433700440996
1610,0.1519386875782885
1611,0.27679375865332473
1612,0.20933114520753157
1613,0.1419282958555608
1614,0.10362003703653423
1615,0.07812478275896279
1616,0.06657516208633787
1617,0.1070419163273672
1618,0.08247767852196518
1619,0.06578964257240075
1620,0.06815660039426857
1621,0.06593804524919256
1622,0.07539298779423675
1623,0.04445104740440408
1624,0.04117797876821781
1625,0.037965285016346745
1626,0.02931413198963431
1627,0.027963095492824438
1628,0.03866047246912921
1629,0.3834688588805688
1630,0.31855143207654
1631,0.25225213798776436
1632,0.3477897978393659
1633,0.2924418191732435
1634,0.23138467371206123
1635,0.2196881776627406
1636,0.18749721258730548
1637,0.14859344619570855
1638,0.21596534956009963
1639,0.19375500018670977
1640,0.1558401451445983
1641,0.11377690061251776
1642,0.0808143346484983
1643,0.06487853499068916
1644,0.07412421469518303
1645,0.06775384471584617
1646,0.06411303395886664
1647,0.07283782026773987
1648,0.07961206057379684
1649,0.10284129268357345
1650,0.05795624979979695
1651,0.06065646243119062
1652,0.06318187255012758
1653,0.04662990943982364
1654,0.050253527801343394
1655,0.0784950448497967
1656,0.4011661021802108
1657,0.3765021541540929
1658,0.3368344750437107
1659,0.44389496811095064
1660,0.42169323752245885
1661,0.3769515423337857
1662,0.3420891708168033
1663,0.3298536024698165
1664,0.2953383516852889
1665,0.2283524370026055
1666,0.23145590709182828
1667,0.21032382429215044
1668,0.15355473925366847
1669,0.13306590246315164
1670,0.13033128367631977
1671,0.11665952178309716
1672,0.12047246783535219
1673,0.12879350647239107
1674,0.11308144129602068
1675,0.11210325907592787
1676,0.13134449653768912
1677,0.07523195360230066
1678,0.07141412532690898
1679,0.06746903767810744
1680,0.0506097632191244
1681,0.049469926764180924
1682,0.07008449269128393
1683,0.6272542139902577
1684,0.5339391964353082
1685,0.4332572638805574
1686,0.5803196152635396
1687,0.5000214603555293
1688,0.4053988492560432
1689,0.37393319831254024
1690,0.32702496560760036
1691,0.2655733568770034
1692,0.35578081652687155
1693,0.3270770899456945
1694,0.2695723255631566
1695,0.19681131370242216
1696,0.1426005788885627
1697,0.11678063893661014
1698,0.12706689200433835
1699,0.11901590455884235
1700,0.11540274562234684
1701,0.09282809250994972
1702,0.09901536558149894
1703,0.12482239243277046
1704,0.07386228882425952
1705,0.0754398486764147
1706,0.0766862442536082
1707,0.05942744485350374
1708,0.06250147767997576
1709,0.095272424496024
1710,0.5149104179802524
1711,0.47160256685781077
1712,0.4117432373797947
1713,0.5697543793634505
1714,0.528208433996845
1715,0.46078195634718994
1716,0.4390831552678661
1717,0.41317109051225964
1718,0.36101877347778244
1719,0.29205901668131723
1720,0.28889131236024856
1721,0.25618631535736636
1722,0.1870383585285856
1723,0.1620817963274824
1724,0.15875087595617743
1725,0.1492056124546432
1726,0.15036751394046183
1727,0.15687777633448255
1728,0.13539120196231297
1729,0.13753590907686272
1730,0.1651233530825763
1731,0.10352850138884935
1732,0.10070254918439334
1733,0.09748989755214083
1734,0.08004797919129428
1735,0.08017816080286956
1736,0.11639531810596308
1737,0.794918146006546
1738,0.6933769208818498
1739,0.576530365635159
1740,0.8452877066982835
1741,0.7463193502210571
1742,0.620036597747426
1743,0.6260223032627854
1744,0.5610162562723179
1745,0.46685046467355445
1746,0.43824956474733173
1747,0.41284577668283023
1748,0.3486677518722854
1749,0.25455787476811165
1750,0.21199042431505924
1751,0.1995373875754874
1752,0.20677038290042818
1753,0.1984539198420517
1754,0.19718304840771606
1755,0.1008497112104705
1756,0.09521471065773056
1757,0.10624296519875466
1758,0.06981673170365092
1759,0.06311662760639941
1760,0.056789320211745896
1761,0.04887258736234748
1762,0.04549616426377467
1763,0.06138438930539768
1764,0.596336772406897
1765,0.4834396824772539
1766,0.37359308994107365
1767,0.5741020588224983
1768,0.47109987373729606
1769,0.36375531266677
1770,0.3849370638669807
1771,0.3206115055961913
1772,0.24796203260945504
1773,0.32760324185049106
1774,0.2868258425654942
1775,0.22513651949977911
1776,0.16436929893518137
1777,0.12392695600973853
1778,0.10560614560260373
1779,0.12669100261995123
1780,0.11301103622901064
1781,0.10436009999696245
1782,0.12237664843773476
1783,0.11275328218223368
1784,0.12277970025941147
1785,0.09545638080047615
1786,0.08421519924092195
1787,0.07394598687830162
1788,0.07528913975431513
1789,0.06839794150598394
1790,0.09005906474864842
1791,0.7236282054891542
1792,0.5724893827844817
1793,0.431742916024053
1794,0.7849365532880129
1795,0.6285787316864982
1796,0.47364971929715105
1797,0.5930027846331059
1798,0.48200034795843955
1799,0.36379328690360907
1800,0.3975319936348748
1801,0.33965922850093044
1802,0.2601790559018964
1803,0.18995340743132536
1804,0.1613666271896771
1805,0.15493826382082748
1806,0.19516987163271093
1807,0.16989832814712963
1808,0.15311014916255644
1809,0.0765215545026315
1810,0.06880431360920353
1811,0.07311631370984459
1812,0.057360950874628
1813,0.049385914834021716
1814,0.042318325712309736
1815,0.0434780303701239
1816,0.038546220631133284
1817,0.04952989973533262
1818,0.45248138327757526
1819,0.34934450038785136
1820,0.25710643065035493
1821,0.4716783382659845
1822,0.3686144067740016
1823,0.2710635687065603
1824,0.3424477044628275
1825,0.2716352473131605
1826,0.2000758621579319
1827,0.24857492426709504
1828,0.20726687175515773
1829,0.15493875153515907
1830,0.11311880464489163
1831,0.09234802018057063
1832,0.08521159634102536
1833,0.11270684767910165
1834,0.09574759557708312
1835,0.08420618576984554
1836,0.12219117207291767
1837,0.1125823911734723
1838,0.12259361302162415
1839,0.09159513112539834
1840,0.08080865996110888
1841,0.07095484144189593
1842,0.0694266017578701
1843,0.06307200031093302
1844,0.08304643728689039
1845,0.7123391823640641
1846,0.5635582136673882
1847,0.42500747408561346
1848,0.7425608527480894
1849,0.5946441875655308
1850,0.44807919569026994
1851,0.5391137112261182
1852,0.43819861075513716
1853,0.33073360548061653
1854,0.39411993102386306
1855,0.33674389445836383
1856,0.2579459092796736
1857,0.18832301558938971
1858,0.15374329404125522
1859,0.14186239711871274
1860,0.17869869683828218
1861,0.15555992111338968
1862,0.1401885644499144
1863,0.18032242581625044
1864,0.1470573051648716
1865,0.14173927382824061
1866,0.12237639942007894
1867,0.09556292002212613
1868,0.07427108436009495
1869,0.08397820018135671
1870,0.06752793718365535
1871,0.07869988695549787
1872,1.0290627335573825
1873,0.7206095701416935
1874,0.48102099613809973
1875,0.9711860580758599
1876,0.6883887935905263
1877,0.45913205827230513
1878,0.6383606946943976
1879,0.4592646110672959
1880,0.3068149624326292
1881,0.5754543298242027
1882,0.4351995307365506
1883,0.2950689812227523
1884,0.21542609652517783
1885,0.1592232433267542
1886,0.13301265131253506
1887,0.21386247732770391
1888,0.16478479887262382
1889,0.13144323668503458
1890,0.10347175211023468
1891,0.09303656895315068
1892,0.09886721638854093
1893,0.07453847617209071
1894,0.06417520595393197
1895,0.054991130109473256
1896,0.05429504261196983
1897,0.04813623510268063
1898,0.061852572294636234
1899,0.6162028448421644
1900,0.47574791565933383
1901,0.3501353201459218
1902,0.6172982760901178
1903,0.482415704482188
1904,0.35474826825529865
1905,0.43069471281496263
1906,0.3416342504484869
1907,0.2516343805793285
1908,0.3373166799700561
1909,0.28126156833545135
1910,0.21025220231139624
1911,0.1535024489598011
1912,0.1204298760371087
1913,0.10679022469402666
1914,0.14124825851210981
1915,0.11999431632131857
1916,0.10553020815383252
1917,0.1798349160657235
1918,0.16978659922605083
1919,0.18945215112433522
1920,0.1375129187704259
1921,0.12431621293793893
1922,0.1118537775508209
1923,0.10632464599216904
1924,0.09897907641931442
1925,0.1335446681787547
1926,1.0262806163900797
1927,0.8319875585026764
1928,0.6429443300574919
1929,1.0913103355551368
1930,0.8955135300206029
1931,0.6914623040031147
1932,0.8082273105653548
1933,0.6731671206227707
1934,0.5206297484710707
1935,0.5738985632826739
1936,0.5024643163812232
1937,0.39439635686618363
1938,0.2879437455314654
1939,0.2397934727012005
1940,0.22570719057262867
1941,0.2707708922526354
1942,0.24153332502954894
1943,0.22304407422300854
1944,0.08866842195772885
1945,0.09457844040841522
1946,0.11922904223003211
1947,0.05668995764280065
1948,0.057900748732830985
1949,0.05885736832317959
1950,0.036649178738814736
1951,0.03854494893024865
1952,0.0587549426505278
1953,0.5169112475751392
1954,0.47343511158762014
1955,0.41334318180911006
1956,0.459584944879438
1957,0.42607244949044626
1958,0.3716837600192876
1959,0.28458939747878403
1960,0.26779463136727033
1961,0.23399238615722595
1962,0.2859944114876059
1963,0.28289248454364413
1964,0.2508666067713124
1965,0.18315450719797108
1966,0.12753077169533394
1967,0.10036694263213311
1968,0.09433214812472172
1969,0.09506673619593049
1970,0.09918271431753267
1971,0.1715116334924696
1972,0.1742285177157275
1973,0.20917589625084854
1974,0.133782711059446
1975,0.13013092877568086
1976,0.12597944160754354
1977,0.10551819737141709
1978,0.10568980106613995
1979,0.15343078330139293
1980,0.9718533335502142
1981,0.8477107678961697
1982,0.7048561673302635
1983,1.054192194488478
1984,0.9307647885616052
1985,0.7732725040988173
1986,0.7964196650691242
1987,0.7137195856921064
1988,0.5939227544687063
1989,0.5453963435424916
1990,0.5137816330281857
1991,0.4339128484747297
1992,0.31679423161211695
1993,0.26911871368706203
1994,0.25839782975296127
1995,0.2677644467929431
1996,0.2569947558011123
1997,0.25534899695602825
1998,0.19137965041993527
1999,0.2091788066394414
2000,0.2702130647261233
2001,0.15227867590716632
2002,0.15937342074653768
2003,0.16600887611783444
2004,0.12251898443560608
2005,0.13203995599589935
2006,0.20624387423774534
2007,1.1236413791314332
2008,1.0545591899228253
2009,0.9434524802075807
2010,1.2433222833309883
2011,1.1811366125029208
2012,1.0558178983512079
2013,0.958170557266697
2014,0.9238994889557233
2015,0.827224411520661
2016,0.6194793109332128
2017,0.627898470096168
2018,0.5705709098425471
2019,0.4165665377256577
2020,0.36098398882267585
2021,0.35356545725818767
2022,0.3164764130245154
2023,0.3268202535548861
2024,0.3493937428015222
2025,0.14816242147255435
2026,0.15050943512510725
2027,0.18069915533501274
2028,0.10673252261898132
2029,0.10381911226786082
2030,0.10050703483598157
2031,0.07774571149403847
2032,0.07787214893965064
2033,0.11304766106709166
2034,0.8160285534800855
2035,0.7117907278959411
2036,0.5918411130379821
2037,0.8174792173064317
2038,0.7217667469250486
2039,0.5996384764753587
2040,0.5703628057412463
2041,0.5111364312839987
2042,0.42534289833606653
2043,0.46450113266843346
2044,0.437575633411331
2045,0.3695532835566128
2046,0.2698061348392406
2047,0.2116755764675148
2048,0.18770161621887058
2049,0.1945055787699054
2050,0.18668241552090653
2051,0.1854869271709302
2052,0.0720860678625914
2053,0.061728497868939414
2054,0.06247220274673471
2055,0.04608806656911695
2056,0.037790073819472095
2057,0.030839377539667468
2058,0.02979522052319729
2059,0.02515712658851933
2060,0.030785709764864517
2061,0.4262538040884261
2062,0.3134180128618075
2063,0.21967744608705062
2064,0.37898156013359674
2065,0.2820635334938484
2066,0.19753692027942324
2067,0.23467725619750884
2068,0.1772822909917543
2069,0.12435877028346189
2070,0.2341665557648874
2071,0.18595160652439946
2072,0.13238311134833852
2073,0.09665121967565023
2074,0.06729839641460626
2075,0.0529639568739979
2076,0.07723729323720215
2077,0.0624895085183405
2078,0.052339035801993616
2079,0.08097649042107645
2080,0.08637381837497352
2081,0.10888599551999528
2082,0.06572630393262871
2083,0.06713009441847957
2084,0.06823919861536976
2085,0.053943662904114245
2086,0.056734033429991074
2087,0.08648097800166803
2088,0.4523724697472085
2089,0.41432453191648716
2090,0.3617353595715212
2091,0.5106097294058455
2092,0.4733765554454223
2093,0.4129494367527243
2094,0.40140716088191936
2095,0.37771850823982234
2096,0.33004117590979454
2097,0.2556775668273852
2098,0.2529044597258053
2099,0.22427348591848714
2100,0.1637392091344255
2101,0.14474153460386954
2102,0.1446145490103597
2103,0.1359192648543184
2104,0.13697770222264205
2105,0.14290824373543531
2106,0.13253873056880602
2107,0.14486542029445243
2108,0.1871342982564901
2109,0.09935171420075367
2110,0.10398056362703981
2111,0.1083097572039713
2112,0.07530587937402722
2113,0.08115791233974136
2114,0.12676709969908964
2115,0.756371082320863
2116,0.7098689053885754
2117,0.6350782258699998
2118,0.7884608481288415
2119,0.7490254037393146
2120,0.6695537325795599
2121,0.5724380061487507
2122,0.5519635072573589
2123,0.4942071003718573
2124,0.4229645094334655
2125,0.42871289434697785
2126,0.3895711135453516
2127,0.28442089697895595
2128,0.23219575928549882
2129,0.2142522522263732
2130,0.19177717414151063
2131,0.19804529531909507
2132,0.21172429255260558
2133,0.12932534900074735
2134,0.12511569921254456
2135,0.14305620295461038
2136,0.09694294684801379
2137,0.08980473667399952
2138,0.08279819762008007
2139,0.07348009966640191
2140,0.07009353183373879
2141,0.09690805005539035
2142,0.7173579431493696
2143,0.5959164474758142
2144,0.4718898827669652
2145,0.7477925392546595
2146,0.6287873074552242
2147,0.4975066369821166
2148,0.5429120180155085
2149,0.4633589806290307
2150,0.3672167004900842
2151,0.40688797151657535
2152,0.3650427217039513
2153,0.29360951035845895
2154,0.21436055547784694
2155,0.17499984167380878
2156,0.161476291958334
2157,0.18448787931199973
2158,0.16863265504077304
2159,0.15957103518694243
2160,0.10090560190933645
2161,0.10763126540818714
2162,0.13568391097600221
2163,0.06077733509605275
2164,0.062075424896609055
2165,0.06310101729109287
2166,0.037015957802654605
2167,0.038930700556093954
2168,0.05934295263063968
2169,0.5717713929521008
2170,0.523681104821651
2171,0.4572115773044652
2172,0.4789183277321962
2173,0.4439960605242504
2174,0.3873193993339974
2175,0.2793853330495646
2176,0.2628976797317538
2177,0.2297135498256659
2178,0.3208735477802018
2179,0.3173933178754047
2180,0.2814616471545294
2181,0.2054915556246607
2182,0.13479710966354294
2183,0.09994141880100049
2184,0.09393220989788821
2185,0.09466368354992505
2186,0.09876221123682004
2187,0.061481395051516265
2188,0.059480123501454284
2189,0.06800905620112767
2190,0.04701248383001327
2191,0.04355080867682025
2192,0.040152987435702364
2193,0.0363499353015969
2194,0.03467463107404887
2195,0.04793952873920813
2196,0.3687487642204551
2197,0.3063233016151252
2198,0.24256901701612776
2199,0.39211433129514667
2200,0.32971245585764875
2201,0.260873801267902
2202,0.2904009071403109
2203,0.24784838765981507
2204,0.1964223656886263
2205,0.20114174314568056
2206,0.18045588591007336
2207,0.1451434617187851
2208,0.10596738859048342
2209,0.08824740421532394
2210,0.08306345229666541
2211,0.09490061963089531
2212,0.08674468758084676
2213,0.08208338765049293
2214,0.0783033903514732
2215,0.07392817060502192
2216,0.08249090925698503
2217,0.06230514360121459
2218,0.0563259042736808
2219,0.050679352419803404
2220,0.050128902642869455
2221,0.04666568545048706
2222,0.06296233208338316
2223,0.45325500129350116
2224,0.3674458192845517
2225,0.2839552150725729
2226,0.5015319421353456
2227,0.4115498820885313
2228,0.3177743497349494
2229,0.38650730138562434
2230,0.3219193459219283
2231,0.24897352078077095
2232,0.25166721995048735
2233,0.22034172189711468
2234,0.17295153018569911
2235,0.12626970439781585
2236,0.10942151477131536
2237,0.10717280849541494
2238,0.12857045851264734
2239,0.11468755037435574
2240,0.10590827785368073
2241,0.07210995626526583
2242,0.07148618744606851
2243,0.08375597085133202
2244,0.05737709644522647
2245,0.05446535627792392
2246,0.05145655930175134
2247,0.046163939530302574
2248,0.045124232212316935
2249,0.06392790791381885
2250,0.41740463821018253
2251,0.3553084094828845
2252,0.2883098868823327
2253,0.4618630975067758
2254,0.3979556341461753
2255,0.3226476640084761
2256,0.3559363710054084
2257,0.31128575909231937
2258,0.2527917213799167
2259,0.23176151304014714
2260,0.2130634304192651
2261,0.1756038750379042
2262,0.1282061475162399
2263,0.11109957793220535
2264,0.10881638601452658
2265,0.11840113306380924
2266,0.11089921009400301
2267,0.10753246282197494
2268,0.34452469188671325
2269,0.37656701613024246
2270,0.486441858704716
2271,0.22469552944914534
2272,0.23516421417136465
2273,0.2449551921195749
2274,0.14817995958179403
2275,0.15969504997764347
2276,0.24944059966971224
2277,1.9942628150048842
2278,1.8716542642016443
2279,1.674459693231028
2280,1.8087107863043703
2281,1.7182467971293642
2282,1.535940638017715
2283,1.1425072817854065
2284,1.101643006836751
2285,0.9863691872656252
2286,1.1073029024955379
2287,1.1223519270766302
2288,1.019880427639151
2289,0.7446016810654512
2290,0.5288814259266027
2291,0.42459116006026887
2292,0.3800515140246497
2293,0.39247326835644036
2294,0.41958141421481326
2295,0.20987939596862618
2296,0.18416323417939767
2297,0.1909865566998453
2298,0.170353109858167
2299,0.1431324391056171
2300,0.11969188060656569
2301,0.13981420197119207
2302,0.12096632152060306
2303,0.15168804885969564
2304,1.1559447948768689
2305,0.8709466114151732
2306,0.625535277588685
2307,1.3047581327175046
2308,0.9950791592800962
2309,0.7140978444993108
2310,1.0257134314717433
2311,0.793997529662512
2312,0.5707277243589738
2313,0.6579888218771616
2314,0.5354172233796811
2315,0.39059235784885454
2316,0.28516649440837916
2317,0.2520803431045557
2318,0.2518591863227867
2319,0.3497896122121724
2320,0.2899918058720278
2321,0.24888750289880457
2322,0.14378494942277786
2323,0.12928415812603566
2324,0.1373864597639405
2325,0.11440809754556185
2326,0.0985016544453196
2327,0.08440514081854791
2328,0.09204942083313938
2329,0.08160805018528063
2330,0.1048621233700987
2331,0.7863135375362896
2332,0.6070842250548627
2333,0.4467946626745308
2334,0.8700650946651642
2335,0.6799517864310077
2336,0.5000080148559981
2337,0.6705186320477843
2338,0.5318665947260066
2339,0.3917520592242135
2340,0.44917922028740936
2341,0.37453484948608823
2342,0.27997702427975774
2343,0.20440765141555445
2344,0.17713350130503558
2345,0.17349325544580657
2346,0.22947437619435518
2347,0.19494485223930708
2348,0.17144621067087332
2349,0.22224168962610436
2350,0.20476520858322309
2351,0.2229736504944549
2352,0.18038723045305433
2353,0.15914438014233095
2354,0.13973829370271068
2355,0.14804952309109945
2356,0.13449858310797694
2357,0.17709329166964846
2358,1.3235106064913054
2359,1.047078823726529
2360,0.7896545826997668
2361,1.493895932756333
2362,1.1963147935334335
2363,0.9014529725303315
2364,1.174400898546414
2365,0.9545682691731396
2366,0.7204673807545224
2367,0.7245052622260376
2368,0.6190316813559019
2369,0.4741784262402307
2370,0.3461916159335972
2371,0.30602508722321176
2372,0.3057566032843321
2373,0.38515003035573653
2374,0.3352789326336196
2375,0.3021489849043194
2376,0.1698685949540337
2377,0.156510591401732
2378,0.1704280631819671
2379,0.1325011061585356
2380,0.11689744531701295
2381,0.10264295561172851
2382,0.1045073594401514
2383,0.094941824030107
2384,0.12500919895278043
2385,0.9355788225134548
2386,0.7401714562589528
2387,0.5582003657931809
2388,1.014844378235027
2389,0.812689368915249
2390,0.6123816668593062
2391,0.7666932311175043
2392,0.6231781936819369
2393,0.4703482982251986
2394,0.5325517359714604
2395,0.45502277721837314
2396,0.34854756372447865
2397,0.2544701269356446
2398,0.2161739905559715
2399,0.20756226589896054
2400,0.26145833696794807
2401,0.2276034408352714
2402,0.2051132412911164
2403,0.24748411360627312
2404,0.21192475928166146
2405,0.21447802855994522
2406,0.20087578487038704
2407,0.16470881301588458
2408,0.1344140605009888
2409,0.16486512973184547
2410,0.1392012834900015
2411,0.17034577845529858
2412,1.372775686054518
2413,1.0093813204748687
2414,0.7074842590737213
2415,1.5495032710167418
2416,1.1532444154517398
2417,0.8076490687611304
2418,1.218115662464611
2419,0.920201381393844
2420,0.6454965781585255
2421,0.7786432416065022
2422,0.6183204139171358
2423,0.44019614422531167
2424,0.32138158563100394
2425,0.28409361535065797
2426,0.2838443724746833
2427,0.41393000682922515
2428,0.33489369712004396
2429,0.2804952962349444
2430,0.19598287107585405
2431,0.20400580682780964
2432,0.250976859845149
2433,0.1469097682753429
2434,0.14642996744169848
2435,0.14526061233513315
2436,0.11135358234740292
2437,0.11429011391177125
2438,0.17001484447574294
2439,1.1671320938744507
2440,1.0431955786074187
2441,0.8888271196566682
2442,1.216648788040607
2443,1.1007384370748992
2444,0.9370774990258941
2445,0.8833108302867207
2446,0.8111439815895721
2447,0.6916701843078296
2448,0.6389018263832767
2449,0.6167359117340462
2450,0.5337303854521921
2451,0.3896697411512882
2452,0.31811889484302447
2453,0.2935354629456378
2454,0.2896857397840587
2455,0.2849031307054773
2456,0.2900720416493088
2457,0.3169509985121593
2458,0.32197176095181834
2459,0.3865540070452026
2460,0.21942038862308855
2461,0.21343100866864426
2462,0.2066220501673347
2463,0.15359702252434942
2464,0.15384681656196775
2465,0.22334073236410665
2466,1.8216678699788633
2467,1.5889717260837826
2468,1.3212012437014944
2469,1.753746076104907
2470,1.548413187131001
2471,1.2864102266296364
2472,1.1758917337601538
2473,1.0537873408301983
2474,0.8769106139678222
2475,1.0150693803254003
2476,0.956229373437046
2477,0.8075808564385026
2478,0.5896044742150339
2479,0.4445348870655323
2480,0.37881682501094005
2481,0.39254848882395094
2482,0.376759888154299
2483,0.3743471699785133
2484,0.08598110548317596
2485,0.07730986366628251
2486,0.0821549107632274
2487,0.059523420553721576
2488,0.05124773096109898
2489,0.04391369843238359
2490,0.04166714052822649
2491,0.036940744053877345
2492,0.04746694537568567
2493,0.5120412162825126
2494,0.3953284919359184
2495,0.2909491844960679
2496,0.49294950449439523
2497,0.38523772331107625
2498,0.2832876582198084
2499,0.3305240452959671
2500,0.26217720141459455
2501,0.1931094367540032
2502,0.2802973802051948
2503,0.2337177063518763
2504,0.17471161371411734
2505,0.12755471891379153
2506,0.09617044145146378
2507,0.0819530307981732
2508,0.10839683981560867
2509,0.0920861242614917
2510,0.08098606800152577
2511,0.09853482592775543
2512,0.08646152300186742
2513,0.08966495749670346
2514,0.06687097935788898
2515,0.056185686242211846
2516,0.04698425103018358
2517,0.04588878670603196
2518,0.039702674325001616
2519,0.04978593320162824
2520,0.5826485704138782
2521,0.43899656825905453
2522,0.31529813261481815
2523,0.5498791763526977
2524,0.41936761671762135
2525,0.300950440332327
2526,0.36143563851188754
2527,0.2797847774096709
2528,0.2011101084775109
2529,0.3200834987195785
2530,0.2604576437106778
2531,0.19000652338852503
2532,0.1387213372218524
2533,0.10253010933847671
2534,0.08565207816102405
2535,0.11895618199414741
2536,0.0986201900564157
2537,0.08464147035029872
2538,0.09499863785319572
2539,0.10383393247349139
2540,0.13413062999536737
2541,0.060737167044529715
2542,0.06356694409558518
2543,0.06621353107765655
2544,0.03926563687222836
2545,0.042316976333451016
2546,0.0660983039505781
2547,0.5269502690610672
2548,0.4945530301671571
2549,0.44244769507866555
2550,0.46851062246509195
2551,0.44507772197044887
2552,0.3978549306146586
2553,0.2901164566970913
2554,0.2797398062874126
2555,0.2504683673941272
2556,0.29888806294813214
2557,0.3029501617615321
2558,0.27529060455705523
2559,0.2009861561999044
2560,0.1399469769670876
2561,0.11013851811664405
2562,0.09858497891647167
2563,0.10180716944516342
2564,0.10883899510377397
2565,0.2657021474376222
2566,0.21668653580843097
2567,0.20885050354629145
2568,0.20317232391269488
2569,0.15865592248821078
2570,0.123306690509481
2571,0.15709233436814699
2572,0.12631994094106613
2573,0.14721855111980686
2574,1.4738297437350945
2575,1.0320612956447772
2576,0.6889211205022063
2577,1.5672181725932037
2578,1.110863791910319
2579,0.7409086027965545
2580,1.1606859088893497
2581,0.8350482210884715
2582,0.5578598533583762
2583,0.8359614618002489
2584,0.6322135694077593
2585,0.428646174145978
2586,0.3129490999157566
2587,0.2606174039620312
2588,0.2453078534622992
2589,0.394414702148296
2590,0.303903462533647
2591,0.24241346913369954
2592,0.05582699953670398
2593,0.055344082289434604
2594,0.0648432586578309
2595,0.04354624346028759
2596,0.04133638353230226
2597,0.03905286251495582
2598,0.03434615037951102
2599,0.03357260409516995
2600,0.04756261187835337
2601,0.31859312278822527
2602,0.27119683244408227
2603,0.22005876021509332
2604,0.3455854619895719
2605,0.29776720075745283
2606,0.24141859920858813
2607,0.2610824281658079
2608,0.22833081544236047
2609,0.18542492932558494
2610,0.17815803253016643
2611,0.16378457781749473
2612,0.1349889395829359
2613,0.09855370160536076
2614,0.08372199604192149
2615,0.08038676234523993
2616,0.0874673759495832
2617,0.08192542293135299
2618,0.07943827993069433
2619,0.0846086693947594
2620,0.07607583851285
2621,0.0808435486478129
2622,0.06599655627010437
2623,0.05682089047683057
2624,0.04868928637939296
2625,0.0520533452730551
2626,0.0461488184814942
2627,0.05929884473411399
2628,0.4693178987615092
2629,0.3623433646668688
2630,0.2666731809314561
2631,0.509080175504233
2632,0.3978437669700178
2633,0.29255761381207146
2634,0.38459918882736854
2635,0.3050705097802849
2636,0.22470296423969693
2637,0.26619877795613955
2638,0.2219620025418571
2639,0.1659238414265465
2640,0.1211388785458256
2641,0.10290824743192348
2642,0.09880869091478632
2643,0.13069132083543183
2644,0.11102590472953144
2645,0.09764284839292363
2646,0.10339313791483486
2647,0.0843196078661298
2648,0.08127035902791825
2649,0.0790607991292746
2650,0.06173805455855418
2651,0.047982546549277194
2652,0.061129612798866445
2653,0.04915509792098926
2654,0.05728741038167868
2655,0.602752081634482
2656,0.42208205999951787
2657,0.2817480385572281
2658,0.6409451430339245
2659,0.4543099132260885
2660,0.3030093567692226
2661,0.47468566208595475
2662,0.341509632076414
2663,0.22814791823912728
2664,0.3334880555775198
2665,0.25220740860168467
2666,0.17099876690349433
2667,0.12484401685322949
2668,0.10396746174134809
2669,0.09786006031051346
2670,0.15734288973963645
2671,0.12123546291879006
2672,0.09670541066941625
2673,0.10218175053662372
2674,0.08539038188243127
2675,0.08433567226231957
2676,0.0707388824082639
2677,0.05660420430006385
2678,0.04507936585182831
2679,0.04951810441496098
2680,0.04080183423163217
2681,0.04872693197895925
2682,0.5708349499092937
2683,0.40960710860340344
2684,0.2801755596284547
2685,0.5495510844787425
2686,0.3991518779678198
2687,0.27279773378654
2688,0.3684755657174314
2689,0.27164661187782985
2690,0.18595874260929485
2691,0.32263168254778907
2692,0.2500249358202941
2693,0.17370695942322686
2694,0.12682123364079903
2695,0.0956174270032135
2696,0.08148177154818667
2697,0.12476839700382211
2698,0.09851126672343478
2699,0.08052036913360047
2700,0.10722931548212361
2701,0.08328233352054308
2702,0.0764467409028086
2703,0.08532118302139341
2704,0.06345284493281121
2705,0.04696603975462637
2706,0.06864693715224016
2707,0.05257031450725784
2708,0.05834903664863429
2709,0.6206911770920117
2710,0.41393889530801464
2711,0.26314961188061015
2712,0.6868020223160276
2713,0.4636234639642083
2714,0.29449079418031876
2715,0.5292863204312531
2716,0.36265193787933236
2717,0.23073105153312326
2718,0.3446351888909252
2719,0.24822165382081982
2720,0.16027924696115364
2721,0.11701783218199514
2722,0.10140412154818475
2723,0.0993201796012638
2724,0.17606545764687395
2725,0.12919901497308725
2726,0.09814830203071635
2727,0.06496250511784667
2728,0.05841100071763575
2729,0.06207164679868758
2730,0.0527282095506724
2731,0.04539727508896258
2732,0.03890049784685942
2733,0.04327571446059876
2734,0.038366853865450565
2735,0.04929942271904791
2736,0.38413129957898334
2737,0.2965738744049818
2738,0.2182689299180483
2739,0.4335833678029674
2740,0.3388433662171647
2741,0.24917119459110254
2742,0.34085419578261866
2743,0.27037124957335024
2744,0.199144851031579
2745,0.21102615981637163
2746,0.17595794158483113
2747,0.13153430435354535
2748,0.09603151652408944
2749,0.08488955788605428
2750,0.08481508202174587
2751,0.11218238996554389
2752,0.09530205419171874
2753,0.08381434991811443
2754,0.08932269663018282
2755,0.09763010354507479
2756,0.12611664590818633
2757,0.06967359747553785
2758,0.07291972759313463
2759,0.07595571437101069
2760,0.054953531377710696
2761,0.059223979845718186
2762,0.09250671858402014
2763,0.49195923095500094
2764,0.4617132634186101
2765,0.41306787488040564
2766,0.5336397616549621
2767,0.5069493797612677
2768,0.45316199925067213
2769,0.4031534310980493
2770,0.38873376575540086
2771,0.3480574071739018
2772,0.28003385301990696
2773,0.2838397098709428
2774,0.2579249500093611
2775,0.18830771349368738
2776,0.15996859972760502
2777,0.1535959295877852
2778,0.13748370451135922
2779,0.14197727640633626
2780,0.1517836531145254
2781,0.15795131480109545
2782,0.1528098655489853
2783,0.17472147202171856
2784,0.12320537493115499
2785,0.114133380635318
2786,0.10522872795892156
2787,0.0971755540477002
2788,0.0926969046316919
2789,0.12815841974314446
2790,0.9273746336629262
2791,0.7703794213881373
2792,0.6100423245318881
2793,1.0059451014102592
2794,0.8458569436838463
2795,0.6692556265539575
2796,0.7599700177364965
2797,0.6486114159236572
2798,0.5140311378714315
2799,0.5112746911141045
2800,0.45869408251857524
2801,0.3689347491821081
2802,0.26935455078823656
2803,0.22881840324239677
2804,0.21970296303558692
2805,0.25101228940442094
2806,0.22943983619945696
2807,0.21711069049240553
2808,0.06959975519210643
2809,0.06107181676942072
2810,0.06333455235062538
2811,0.052172334506394025
2812,0.04383573330684528
2813,0.03665682908814677
2814,0.0395452012137512
2815,0.03421424617225374
2816,0.04290361300430661
2817,0.4086388742986348
2818,0.3078889618606896
2819,0.22113342505699216
2820,0.4259757689562713
2821,0.32487217317730527
2822,0.23313775234882567
2823,0.3092667447314548
2824,0.2394012048484192
2825,0.17208227953808686
2826,0.22528836421698897
2827,0.18332115443038544
2828,0.13373466303634707
2829,0.09763797031000404
2830,0.07970976426849465
2831,0.07354999321051266
2832,0.1021484424647548
2833,0.08468579472680617
2834,0.0726821777504184
2835,0.09154373438689602
2836,0.09764540110573317
2837,0.12309536509303684
2838,0.07000001104394003
2839,0.07149507989207826
2840,0.07267630112902435
2841,0.05412383403860606
2842,0.056923524365850346
2843,0.08676982334660166
2844,0.5006231731068768
2845,0.4585169870747494
2846,0.400318577376844
2847,0.5323448911581956
2848,0.49352680995457343
2849,0.4305274856743661
2850,0.3942560293402967
2851,0.370989393761162
2852,0.32416144058594704
2853,0.285979467247284
2854,0.2828777023902017
2855,0.2508534980855838
2856,0.18314493671385787
2857,0.15251923705166393
2858,0.1435597396185484
2859,0.1349278783162589
2860,0.13597859550923097
2861,0.1418658800265903
2862,0.07239740180226722
2863,0.06352667254714207
2864,0.06588036153056737
2865,0.05535953890948871
2866,0.046513655303825105
2867,0.03889619230964326
2868,0.042803857480966954
2869,0.03703361399174299
2870,0.04643901358671829
2871,0.4280947600465405
2872,0.32254799907364246
2873,0.23166190612805088
2874,0.45522075422129377
2875,0.3471759815391404
2876,0.2491436161303914
2877,0.33713769027088963
2878,0.2609759071275122
2879,0.1875902380335029
2880,0.23517790231919763
2881,0.1913684477203931
2882,0.13960524605682723
2883,0.10192400803307566
2884,0.08488016224407097
2885,0.07989401354277252
2886,0.11095920868808139
2887,0.09199032842081685
2888,0.07895134506525203
2889,0.061121541811041846
2890,0.05770636175989881
2891,0.06439020758296977
2892,0.04673731774709006
2893,0.04225207636596922
2894,0.03801639576375095
2895,0.036137177572232525
2896,0.03364059599844591
2897,0.04538860527366315
2898,0.3463390380652978
2899,0.28077093739495285
2900,0.2169744972724027
2901,0.36828462489758573
2902,0.3022090543352025
2903,0.23334786353972126
2904,0.27275256378116425
2905,0.22717378589274742
2906,0.1756969813070238
2907,0.1943627072788939
2908,0.17017001102822174
2909,0.1335705446324446
2910,0.09751814955834741
2911,0.0812110563152893
2912,0.07644044334434343
2913,0.09170220494980061
2914,0.0818002935610998
2915,0.07553852349887434
2916,0.05185546067285203
2917,0.04333413321155793
2918,0.04279888642884228
2919,0.03661982613662357
2920,0.02930264162369782
2921,0.023336508630653004
2922,0.026149236967708236
2923,0.021546398931170375
2924,0.02573143915909346
2925,0.29175390521116645
2926,0.20935030967582965
2927,0.14319780819186817
2928,0.28651747647474307
2929,0.20810438198656322
2930,0.14222757534303734
2931,0.19596958281890633
2932,0.14447219342812812
2933,0.09890006448519292
2934,0.16431251890542117
2935,0.12733475729778515
2936,0.08846691009648262
2937,0.06458856174835216
2938,0.049674970626274385
2939,0.043181522863619454
2940,0.0661214071013604
2941,0.05220635775974096
2942,0.04267202460949716
2943,0.20969325880892906
2944,0.22919566182580006
2945,0.2960704442235026
2946,0.13675982859737107
2947,0.14313154205228723
2948,0.14909077261321793
2949,0.0901890034201061
2950,0.09719760654042776
2951,0.1518207938524033
2952,1.1631526687826104
2953,1.0916413002662155
2954,0.9766276773033101
2955,1.054929552071435
2956,1.0021664811030921
2957,0.895836516009849
2958,0.666366731562914
2959,0.6425326661093705
2960,0.5752992754719423
2961,0.6597443221821296
2962,0.6687107111434328
2963,0.6076569653372907
2964,0.443642593425045
2965,0.3151138835419703
2966,0.2529764949294125
2967,0.2264392407437901
2968,0.23384027064578938
2969,0.24999162839500164
2970,0.27779377058773735
2971,0.2622719804703347
2972,0.29264966202421444
2973,0.21241832812823155
2974,0.19203317293843544
2975,0.1727822566390205
2976,0.1642413217785609
2977,0.1528945070809519
2978,0.2062885101895701
2979,1.5299942220536784
2980,1.2403392766075692
2981,0.9585108540296544
2982,1.6269414828664988
2983,1.3350447283334854
2984,1.0308421624622974
2985,1.2049171498733278
2986,1.003567434267783
2987,0.7761624786326794
2988,0.8709058599595142
2989,0.7625025493249391
2990,0.598506635696631
2991,0.4369620545617688
2992,0.3638927746411771
2993,0.34251647848764644
2994,0.41090180714241525
2995,0.36653304538790227
2996,0.3384751307948214
2997,0.10850707440518016
2998,0.11573939903220833
2999,0.14590532086699423
3000,0.06800773041600641
3001,0.0694602478893784
3002,0.07060785021466177
3003,0.04310021837619727
3004,0.04532968468495664
3005,0.06909706973151651
3006,0.6280874165105502
3007,0.5752605258975871
3008,0.5022441519943835
3009,0.547435526897522
3010,0.5075170509436674
3011,0.44273185462763043
3012,0.33231425815152316
3013,0.3127030558698496
3014,0.27323226693552477
3015,0.34874190808263783
3016,0.3449594148669721
3017,0.3059070233735519
3018,0.22333881274782785
3019,0.15244902620767165
3020,0.11761519589399948
3021,0.11054331027553708
3022,0.11140413872792189
3023,0.11622745565251921
3024,0.19813872098404492
3025,0.1916891375785484
3026,0.2191756937156738
3027,0.16082353938162358
3028,0.14898160283687722
3029,0.13735810214802877
3030,0.13199298114102656
3031,0.12590965809031088
3032,0.1740768246293417
3033,1.1633256995575503
3034,0.9663863413767245
3035,0.7652548260272131
3036,1.3130892359428605
3037,1.104121533413392
3038,0.8735987263024555
3039,1.0322627866839824
3040,0.8810050555291071
3041,0.6982054586862424
3042,0.6413578354598074
3043,0.5753991915016972
3044,0.46280247443059147
3045,0.3378861787356455
3046,0.29868327989470156
3047,0.29842123711843355
3048,0.34094851021132666
3049,0.31164677443063055
3050,0.2949001686330756
3051,0.20454714192577503
3052,0.15503652024540374
3053,0.13888052413711702
3054,0.16602507158379895
3055,0.1204950347014188
3056,0.0870368647973564
3057,0.1362620436458444
3058,0.10183464489536552
3059,0.11030365746673636
3060,1.1346075471105677
3061,0.7384270155954171
3062,0.45811585167315355
3063,1.2806739829585578
3064,0.8436720738535923
3065,0.5229753683466476
3066,1.0067800864525576
3067,0.6731861844736347
3068,0.4179770939955083
3069,0.6435534278528074
3070,0.4523409425842662
3071,0.2850393191490126
3072,0.208103568277516
3073,0.1839585642819374
3074,0.18379717254645186
3075,0.34211569631873295
3076,0.2449961657599614
3077,0.18162855198110525
3078,0.11883343590159513
3079,0.09691154479575666
3080,0.09340693391275884
3081,0.08560465102554865
3082,0.06684810517586028
3083,0.0519540555864061
3084,0.06235582499009123
3085,0.05014111071531013
3086,0.0584365509994156
3087,0.6733576519942688
3088,0.47152418636113475
3089,0.31475162587979755
3090,0.6745546880339708
3091,0.4781327780039735
3092,0.31889840238015277
3093,0.47064304063982926
3094,0.3386011933495655
3095,0.22620491523560418
3096,0.3778829465475686
3097,0.28578198562010393
3098,0.19376261552034157
3099,0.14146361213937528
3100,0.11098484349372202
3101,0.09841491799488288
3102,0.1582350096829097
3103,0.12192285702017447
3104,0.09725372159483126
3105,0.1771339778454318
3106,0.18438529790182673
3107,0.22683885222969313
3108,0.13816825887758907
3109,0.13771700742868317
3110,0.13661723196119405
3111,0.10897720262397907
3112,0.11185106611858574
3113,0.1663865837536698
3114,0.9825487964337953
3115,0.8782129851327994
3116,0.7482580774188868
3117,1.065793814917277
3118,0.9642554446345136
3119,0.8208871881328959
3120,0.8051844412688253
3121,0.7394005498526143
3122,0.6304938780309413
3123,0.5573051647575544
3124,0.5379701461279776
3125,0.46556558162365674
3126,0.3399034880252091
3127,0.2887501739207525
3128,0.2772472313786167
3129,0.2736111286828426
3130,0.2690939057466534
3131,0.27397599472506523
3132,0.10779812456282972
3133,0.09932117371013448
3134,0.10815316150029324
3135,0.07030484967456134
3136,0.06202557517157319
3137,0.054462168457681044
3138,0.04636393883189576
3139,0.04212025780290936
3140,0.05545943256742768
3141,0.6065036045877934
3142,0.4798277231500664
3143,0.36186211764206566
3144,0.5500727403111793
3145,0.44049932952128396
3146,0.33192720857504154
3147,0.3474641253183842
3148,0.2824233437793308
3149,0.2131610837356693
3150,0.3415760105178662
3151,0.29184932549978776
3152,0.22355665797530958
3153,0.16321586220368753
3154,0.11593022166241712
3155,0.09306991111561723
3156,0.11723664740627537
3157,0.10205627654141657
3158,0.09197178038561755
3159,0.21556870079003565
3160,0.23561754596755904
3161,0.3043661077428562
3162,0.15529032938543694
3163,0.162525388768822
3164,0.16929207520139392
3165,0.11311601047146332
3166,0.12190627529184042
3167,0.19041525968747766
3168,1.2214982517852546
3169,1.146399759583907
3170,1.0256168708443605
3171,1.2236697239969243
3172,1.1624669902577038
3173,1.0391291249161136
3174,0.8537656766115449
3175,0.8232288774970059
3176,0.7370877805160371
3177,0.6854950815814659
3178,0.6948114414588653
3179,0.6313746811032657
3180,0.46095859494029906
3181,0.36164365339498716
3182,0.3206846031571036
3183,0.28704476310093524
3184,0.2964266479188855
3185,0.3169008494912482
3186,0.1090359961982981
3187,0.09336933555307916
3188,0.0944942492102163
3189,0.07548397314425354
3190,0.06189335178620502
3191,0.05050935999883399
3192,0.05283972741102558
3193,0.04461439412227518
3194,0.05459629039710928
3195,0.6005334238644268
3196,0.4415631967606803
3197,0.3094955343016294
3198,0.5781422360401534
3199,0.4302922862580294
3200,0.30134562945641075
3201,0.38764601418646943
3202,0.29283951330571617
